{"cameraMode":{"drawMode":0,"name":"Shaded","section":"Shading Mode"},"sceneLighting":false,"audioPlay":false,"sceneViewState":{"showFog":true,"showMaterialUpdate":false,"showSkybox":true,"showFlares":true,"showImageEffects":true,"showParticleSystems":true},"in2DMode":false,"pivot":{"x":-0.17894160747528077,"y":-0.0737830400466919,"z":-0.9591054916381836},"rotation":{"x":-0.01485995203256607,"y":0.9851163625717163,"z":-0.11759519577026367,"w":-0.12448453903198242},"size":2.70739483833313,"orthographic":false}